{
  "seed": 8080,
  "use_genetic": false,
  "max_steps": 4,
  "total_steps": 4,
  "epochs_completed": 2,
  "final_train_loss": 6.054874420166016,
  "best_val_loss": 5.984485626220703,
  "final_test_loss": 6.054874420166016,
  "final_test_mrr": 0.13866107165813446,
  "final_test_precision@1": 0.08251953125,
  "final_test_precision@5": 0.17236328125,
  "final_test_recall@1": 0.08251953125,
  "final_test_recall@5": 0.17236328125,
  "final_test_map": 0.13866107165813446,
  "final_test_ndcg@5": 0.12868791818618774,
  "final_test_hit_rate@5": 0.17236328125,
  "final_test_avg_positive_similarity": 0.7914069890975952,
  "final_test_query_norm": 1.0,
  "final_test_passage_norm": 1.0,
  "final_test_embedding_variance": 0.00046264269622042775,
  "training_time": 103.90893888473511,
  "train_samples": 502939,
  "val_samples": 55578,
  "test_samples": 101092
}