{
  "seed": 8080,
  "use_genetic": true,
  "max_steps": 980,
  "total_steps": 980,
  "epochs_completed": 2,
  "final_train_loss": 4.208508014678955,
  "best_val_loss": 3.19520902633667,
  "final_test_loss": 4.208508014678955,
  "final_test_mrr": 0.45514264702796936,
  "final_test_precision@1": 0.37799233198165894,
  "final_test_precision@5": 0.5335832834243774,
  "final_test_recall@1": 0.37799233198165894,
  "final_test_recall@5": 0.5335832834243774,
  "final_test_map": 0.45514264702796936,
  "final_test_ndcg@5": 0.4603545665740967,
  "final_test_hit_rate@5": 0.5335832834243774,
  "final_test_avg_positive_similarity": 0.3042190670967102,
  "final_test_query_norm": 1.0,
  "final_test_passage_norm": 1.0,
  "final_test_embedding_variance": 0.0024830896873027086,
  "training_time": 4351.076663732529,
  "train_samples": 502939,
  "val_samples": 55578,
  "test_samples": 101092
}