{
  "seed": 8080,
  "use_genetic": false,
  "max_steps": 2048,
  "total_steps": 2048,
  "epochs_completed": 4,
  "final_train_loss": 3.689453125,
  "best_val_loss": 2.418353319168091,
  "final_test_loss": 3.689453125,
  "final_test_mrr": 0.49214187264442444,
  "final_test_precision@1": 0.41712498664855957,
  "final_test_precision@5": 0.5727357268333435,
  "final_test_recall@1": 0.41712498664855957,
  "final_test_recall@5": 0.5727357268333435,
  "final_test_map": 0.49214187264442444,
  "final_test_ndcg@5": 0.4998588562011719,
  "final_test_hit_rate@5": 0.5727357268333435,
  "final_test_avg_positive_similarity": 0.36845943331718445,
  "final_test_query_norm": 1.0,
  "final_test_passage_norm": 1.0,
  "final_test_embedding_variance": 0.0025515358429402113,
  "training_time": 7821.755170106888,
  "train_samples": 502939,
  "val_samples": 55578,
  "test_samples": 101092
}