{
  "seed": 8080,
  "use_genetic": true,
  "max_steps": 4,
  "total_steps": 4,
  "epochs_completed": 2,
  "final_train_loss": 6.112088680267334,
  "best_val_loss": 6.062448978424072,
  "final_test_loss": 6.112088680267334,
  "final_test_mrr": 0.19478563964366913,
  "final_test_precision@1": 0.126953125,
  "final_test_precision@5": 0.2529296875,
  "final_test_recall@1": 0.126953125,
  "final_test_recall@5": 0.2529296875,
  "final_test_map": 0.19478563964366913,
  "final_test_ndcg@5": 0.19139036536216736,
  "final_test_hit_rate@5": 0.2529296875,
  "final_test_avg_positive_similarity": 0.8593319058418274,
  "final_test_query_norm": 1.0,
  "final_test_passage_norm": 1.0,
  "final_test_embedding_variance": 0.00031139905331656337,
  "training_time": 112.69744110107422,
  "train_samples": 502939,
  "val_samples": 55578,
  "test_samples": 101092
}