{
  "seed": 8080,
  "use_genetic": false,
  "max_steps": 128,
  "total_steps": 128,
  "epochs_completed": 2,
  "final_train_loss": 4.573012351989746,
  "best_val_loss": 3.6727066040039062,
  "final_test_loss": 4.573012351989746,
  "final_test_mrr": 0.3731722831726074,
  "final_test_precision@1": 0.2993316650390625,
  "final_test_precision@5": 0.4444580078125,
  "final_test_recall@1": 0.2993316650390625,
  "final_test_recall@5": 0.4444580078125,
  "final_test_map": 0.3731722831726074,
  "final_test_ndcg@5": 0.3757847845554352,
  "final_test_hit_rate@5": 0.4444580078125,
  "final_test_avg_positive_similarity": 0.24210110306739807,
  "final_test_query_norm": 1.0,
  "final_test_passage_norm": 1.0,
  "final_test_embedding_variance": 0.0025161283556371927,
  "training_time": 687.6171998977661,
  "train_samples": 502939,
  "val_samples": 55578,
  "test_samples": 101092
}