{
  "seed": 8080,
  "use_genetic": false,
  "max_steps": 980,
  "total_steps": 980,
  "epochs_completed": 2,
  "final_train_loss": 3.96243953704834,
  "best_val_loss": 2.6988980770111084,
  "final_test_loss": 3.96243953704834,
  "final_test_mrr": 0.4614884853363037,
  "final_test_precision@1": 0.38605427742004395,
  "final_test_precision@5": 0.5391920208930969,
  "final_test_recall@1": 0.38605427742004395,
  "final_test_recall@5": 0.5391920208930969,
  "final_test_map": 0.4614884853363037,
  "final_test_ndcg@5": 0.46745574474334717,
  "final_test_hit_rate@5": 0.5391920208930969,
  "final_test_avg_positive_similarity": 0.3288646936416626,
  "final_test_query_norm": 1.0,
  "final_test_passage_norm": 1.0,
  "final_test_embedding_variance": 0.002537915948778391,
  "training_time": 3185.1379194259644,
  "train_samples": 502939,
  "val_samples": 55578,
  "test_samples": 101092
}