{
  "seed": 8080,
  "use_genetic": true,
  "max_steps": 128,
  "total_steps": 128,
  "epochs_completed": 2,
  "final_train_loss": 4.620855808258057,
  "best_val_loss": 3.7921552658081055,
  "final_test_loss": 4.620855808258057,
  "final_test_mrr": 0.39677491784095764,
  "final_test_precision@1": 0.322052001953125,
  "final_test_precision@5": 0.47113037109375,
  "final_test_recall@1": 0.322052001953125,
  "final_test_recall@5": 0.47113037109375,
  "final_test_map": 0.39677491784095764,
  "final_test_ndcg@5": 0.40079712867736816,
  "final_test_hit_rate@5": 0.47113037109375,
  "final_test_avg_positive_similarity": 0.22852499783039093,
  "final_test_query_norm": 1.0,
  "final_test_passage_norm": 1.0,
  "final_test_embedding_variance": 0.0025024646893143654,
  "training_time": 883.1660511493683,
  "train_samples": 502939,
  "val_samples": 55578,
  "test_samples": 101092
}