{
  "digits_attention_genetic_vs_attention_classical": {
    "genetic_acc": 0.9326105117797852,
    "classical_acc": 0.9830158352851868,
    "improvement": -0.05040532350540161,
    "genetic_params": 94010,
    "classical_params": 155274,
    "category": "Attention Networks"
  },
  "iris_attention_genetic_vs_attention_classical": {
    "genetic_acc": 0.8999999165534973,
    "classical_acc": 0.9666666984558105,
    "improvement": -0.06666678190231323,
    "genetic_params": 81407,
    "classical_params": 142791,
    "category": "Attention Networks"
  },
  "digits_feedforward_genetic_vs_batchnorm_classical": {
    "genetic_acc": 0.8741098642349243,
    "classical_acc": 0.9859523773193359,
    "improvement": -0.11184251308441162,
    "genetic_params": 4210,
    "classical_params": 9866,
    "category": "Batch Norm Networks"
  },
  "iris_feedforward_genetic_vs_batchnorm_classical": {
    "genetic_acc": 0.6666666865348816,
    "classical_acc": 0.800000011920929,
    "improvement": -0.13333332538604736,
    "genetic_params": 2135,
    "classical_params": 1283,
    "category": "Batch Norm Networks"
  }
}