{
  "digits_feedforward_genetic_2": {
    "training_time": 5.820146083831787,
    "final_val_loss": 1.1643009185791016,
    "final_val_acc": 0.6888889074325562,
    "num_params": 4210,
    "train_loss_history": [
      2.352797508239746,
      2.2609903812408447,
      2.1894922256469727,
      2.1120643615722656,
      2.0591516494750977,
      2.0063629150390625,
      1.9114339351654053,
      1.8354685306549072,
      1.7948323488235474,
      1.7662546634674072,
      1.6767523288726807,
      1.6931040287017822,
      1.6341335773468018,
      1.5710641145706177,
      1.567117691040039,
      1.596782922744751,
      1.5421185493469238,
      1.5087748765945435,
      1.5199276208877563,
      1.5398484468460083
    ],
    "val_loss_history": [
      2.387735366821289,
      2.1907010078430176,
      2.1139657497406006,
      2.0364561080932617,
      1.9727165699005127,
      1.8977103233337402,
      1.819008231163025,
      1.7304574251174927,
      1.6252020597457886,
      1.5840470790863037,
      1.4813287258148193,
      1.4168425798416138,
      1.3706258535385132,
      1.3197002410888672,
      1.2700146436691284,
      1.2377066612243652,
      1.223357081413269,
      1.2142412662506104,
      1.1867389678955078,
      1.1654175519943237,
      1.1643009185791016
    ],
    "val_acc_history": [
      0.09375,
      0.23333333432674408,
      0.2777777910232544,
      0.3333333432674408,
      0.3499999940395355,
      0.375,
      0.40833333134651184,
      0.4694444537162781,
      0.5555555820465088,
      0.5527777671813965,
      0.550000011920929,
      0.5944444537162781,
      0.5777778029441833,
      0.6361111402511597,
      0.6472222208976746,
      0.6722221970558167,
      0.6833333373069763,
      0.6833333373069763,
      0.6611111164093018,
      0.7083333134651184,
      0.6888889074325562
    ],
    "val_bal_acc_history": [
      0.10151515156030655,
      0.23177175223827362,
      0.27684685587882996,
      0.33135777711868286,
      0.34826257824897766,
      0.37249892950057983,
      0.4052059054374695,
      0.46712785959243774,
      0.5534534454345703,
      0.5504289865493774,
      0.5479643940925598,
      0.5926555395126343,
      0.5762269496917725,
      0.6347147226333618,
      0.645534098148346,
      0.6708387136459351,
      0.6818747520446777,
      0.6815658211708069,
      0.6598777174949646,
      0.7065744400024414,
      0.6872008442878723
    ]
  },
  "iris_feedforward_genetic_2": {
    "training_time": 0.5753390789031982,
    "final_val_loss": 0.9248711466789246,
    "final_val_acc": 0.6000000238418579,
    "num_params": 2135,
    "train_loss_history": [
      1.3530739545822144,
      1.2694904804229736,
      1.2000051736831665,
      1.1314914226531982,
      1.1259607076644897,
      1.0683716535568237,
      1.031733751296997,
      1.0443753004074097,
      1.0119314193725586,
      1.045048713684082,
      0.9725959300994873,
      0.9744828939437866,
      0.9893860220909119,
      0.9523610472679138,
      0.9267492294311523,
      0.9513248205184937,
      0.9494673013687134,
      0.9659302234649658,
      0.9442764520645142,
      0.9408482909202576
    ],
    "val_loss_history": [
      1.3913215398788452,
      1.3057780265808105,
      1.2161083221435547,
      1.1537688970565796,
      1.0899325609207153,
      1.0540554523468018,
      1.0441592931747437,
      1.0351485013961792,
      1.021120548248291,
      1.004414439201355,
      0.988747239112854,
      0.9771377444267273,
      0.9672492742538452,
      0.9596744775772095,
      0.9532077312469482,
      0.9473817944526672,
      0.9425070285797119,
      0.9376990795135498,
      0.9327682256698608,
      0.9283358454704285,
      0.9248711466789246
    ],
    "val_acc_history": [
      0.06666667014360428,
      0.06666667014360428,
      0.06666667014360428,
      0.03333333507180214,
      0.4333333373069763,
      0.6000000238418579,
      0.6000000238418579,
      0.6000000238418579,
      0.6000000238418579,
      0.6000000238418579,
      0.6000000238418579,
      0.6000000238418579,
      0.6000000238418579,
      0.6000000238418579,
      0.6000000238418579,
      0.6000000238418579,
      0.6000000238418579,
      0.6000000238418579,
      0.6000000238418579,
      0.6000000238418579,
      0.6000000238418579
    ],
    "val_bal_acc_history": [
      0.06666667014360428,
      0.06666667014360428,
      0.06666667014360428,
      0.03333333507180214,
      0.43333330750465393,
      0.5999999642372131,
      0.5999999642372131,
      0.5999999642372131,
      0.5999999642372131,
      0.5999999642372131,
      0.5999999642372131,
      0.5999999642372131,
      0.5999999642372131,
      0.5999999642372131,
      0.5999999642372131,
      0.5999999642372131,
      0.5999999642372131,
      0.5999999642372131,
      0.5999999642372131,
      0.5999999642372131,
      0.5999999642372131
    ]
  },
  "digits_heads_genetic_1": {
    "training_time": 3.4535329341888428,
    "final_val_loss": 0.36088764667510986,
    "final_val_acc": 0.9361110925674438,
    "num_params": 2948,
    "train_loss_history": [
      2.1255013942718506,
      1.872955322265625,
      1.6820851564407349,
      1.518708348274231,
      1.3680000305175781,
      1.2581859827041626,
      1.1321321725845337,
      1.0766600370407104,
      1.00844407081604,
      0.9616347551345825,
      0.8977808356285095,
      0.9260026812553406,
      0.8304436802864075,
      0.8299923539161682,
      0.8636364340782166,
      0.8197402358055115,
      0.7740327715873718,
      0.7818164229393005,
      0.7491093873977661,
      0.7420744895935059
    ],
    "val_loss_history": [
      2.395235538482666,
      1.9388420581817627,
      1.7100965976715088,
      1.4992318153381348,
      1.3017679452896118,
      1.123359203338623,
      0.9808453321456909,
      0.8668492436408997,
      0.7679985165596008,
      0.7058039903640747,
      0.6407287120819092,
      0.5796308517456055,
      0.5281949639320374,
      0.4914795756340027,
      0.44292959570884705,
      0.42559459805488586,
      0.39650216698646545,
      0.37104105949401855,
      0.3707595765590668,
      0.35141828656196594,
      0.36088764667510986
    ],
    "val_acc_history": [
      0.03125,
      0.4749999940395355,
      0.6805555820465088,
      0.7916666865348816,
      0.824999988079071,
      0.8611111044883728,
      0.8833333253860474,
      0.8916666507720947,
      0.8999999761581421,
      0.894444465637207,
      0.9138888716697693,
      0.9194444417953491,
      0.9388889074325562,
      0.9333333373069763,
      0.9444444179534912,
      0.9527778029441833,
      0.9555555582046509,
      0.9611111283302307,
      0.9527778029441833,
      0.9583333134651184,
      0.9361110925674438
    ],
    "val_bal_acc_history": [
      0.03333333507180214,
      0.4769926965236664,
      0.6819326281547546,
      0.7917224168777466,
      0.8241419792175293,
      0.859272837638855,
      0.8816623687744141,
      0.8903131484985352,
      0.8986422419548035,
      0.8933247327804565,
      0.9128485918045044,
      0.9187172651290894,
      0.938090980052948,
      0.9325311779975891,
      0.9437258839607239,
      0.952455997467041,
      0.9551544189453125,
      0.9605512619018555,
      0.9520634412765503,
      0.95793217420578,
      0.9356220364570618
    ]
  },
  "digits_heads_genetic_2": {
    "training_time": 5.561079978942871,
    "final_val_loss": 0.174683079123497,
    "final_val_acc": 0.9555555582046509,
    "num_params": 6854,