{
  "seed": 8080,
  "use_genetic": true,
  "max_steps": 2048,
  "total_steps": 2048,
  "epochs_completed": 4,
  "final_train_loss": 3.987276554107666,
  "best_val_loss": 2.976642608642578,
  "final_test_loss": 3.987276554107666,
  "final_test_mrr": 0.4862671494483948,
  "final_test_precision@1": 0.40755945444107056,
  "final_test_precision@5": 0.5676314830780029,
  "final_test_recall@1": 0.40755945444107056,
  "final_test_recall@5": 0.5676314830780029,
  "final_test_map": 0.4862671494483948,
  "final_test_ndcg@5": 0.49242955446243286,
  "final_test_hit_rate@5": 0.5676314830780029,
  "final_test_avg_positive_similarity": 0.3345801830291748,
  "final_test_query_norm": 1.0,
  "final_test_passage_norm": 1.0,
  "final_test_embedding_variance": 0.0024904971942305565,
  "training_time": 11947.019515037537,
  "train_samples": 502939,
  "val_samples": 55578,
  "test_samples": 101092
}